gen_model_mapping_answer: Here's the domain model in JSON format for a fitness class scheduling system, adhering strictly to the provided model skeleton:

```json
{
  "classes": [
    {
      "name": "FitnessClass",
      "attributes": [
        { "name": "className", "type": "String" },
        { "name": "maxCapacity", "type": "int" }
      ],
      "operations": [
        { "name": "scheduleClass", "returnType": "void" },
        { "name": "cancelClass", "parameters": [{ "name": "reason", "type": "String" }], "returnType": "boolean" },
        { "name": "getClassDetails", "returnType": "String" }
      ],
      "relationships": [
        { "type": "implementation", "target": "Schedulable" },
        { "type": "inheritance", "target": "FitnessEntity" }
      ]
    },
    {
      "name": "Instructor",
      "attributes": [
        { "name": "specialization", "type": "String" }
      ],
      "operations": [
        { "name": "updateAvailability", "returnType": "void" }
      ],
      "relationships": [
        { "type": "inheritance", "target": "FitnessEntity" }
      ]
    },
    {
      "name": "ClassSession",
      "attributes": [
        { "name": "sessionTime", "type": "String" }
      ],
      "operations": [
        { "name": "checkAvailability", "returnType": "boolean" },
        { "name": "bookMember", "parameters": [{ "name": "memberId", "type": "int" }], "returnType": "String" }
      ],
      "relationships": [
        { "type": "inheritance", "target": "FitnessClass" }
      ]
    },
    {
      "name": "Member",
      "attributes": [
        { "name": "name", "type": "String" },
        { "name": "membershipId", "type": "int" },
        { "name": "isActive", "type": "boolean" }
      ],
      "relationships": [
        { "type": "inheritance", "target": "FitnessClass" }
      ]
    },
    {
      "name": "Payment",
      "attributes": [
        { "name": "transactionId", "type": "String" }
      ],
      "relationships": [
        { "type": "inheritance", "target": "ClassSession" }
      ]
    },
    {
      "name": "Schedulable",
      "abstract": true,
      "operations": []
    },
    {
      "name": "FitnessEntity",
      "abstract": true,
      "operations": []
    }
  ],
  "relationships": [
    {
      "source": "Schedulable",
      "target": "FitnessClass",
      "type": "implementation"
    },
    {
      "source": "FitnessEntity",
      "target": "FitnessClass",
      "type": "inheritance"
    },
    {
      "source": "FitnessEntity",
      "target": "Instructor",
      "type": "inheritance"
    },
    {
      "source": "FitnessClass",
      "target": "ClassSession",
      "type": "inheritance"
    },
    {
      "source": "FitnessClass",
      "target": "Member",
      "type": "inheritance"
    },
    {
      "source": "ClassSession",
      "target": "Payment",
      "type": "inheritance"
    }
  ]
}
```

Mapping explanation:
1. identifier1 → FitnessClass (core scheduling entity)
2. identifier2 → Instructor (teaches classes)
3. identifier3 → ClassSession (specific class instances)
4. identifier4 → Member (attends classes)
5. identifier5 → Payment (for class sessions)
6. identifier6 → Schedulable (interface for scheduling capability)
7. identifier7 → FitnessEntity (abstract base class)

The model maintains:
- All original attributes and operations with domain-appropriate names/types
- The exact same inheritance/implementation structure
- Abstract classes as specified
- All UML relationships preserved
- Fitness domain alignment (classes, sessions, members, payments)

Each original identifier is mapped to a semantically appropriate fitness domain concept while preserving all structural requirements.
replace_model_mapping_answer: Here's the replaced model in PlantUML format based on the mapping:

```plantuml
@startuml
class FitnessClass {
    + className: String
    + maxCapacity: int
    + scheduleClass(): void
    + cancelClass(reason: String): boolean
    + getClassDetails(): String
}

class Instructor {
    + specialization: String
    + updateAvailability(): void
}

class ClassSession {
    + sessionTime: String
    + checkAvailability(): boolean
    + bookMember(memberId: int): String
}

class Member {
    + name: String
    + membershipId: int
    + isActive: boolean
}

class Payment {
    + transactionId: String
}

class Schedulable {
    // 抽象类/接口成员
}

class FitnessEntity {
    // 抽象类成员
}

Schedulable <|.. FitnessClass
FitnessEntity <|-- FitnessClass
FitnessEntity <|-- Instructor
FitnessClass <|-- ClassSession
FitnessClass <|-- Member
ClassSession <|-- Payment
@enduml
```

The model maintains all the original relationships and structure, with:
- identifier1 replaced with FitnessClass
- identifier2 replaced with Instructor
- identifier3 replaced with ClassSession
- identifier4 replaced with Member
- identifier5 replaced with Payment
- identifier6 replaced with Schedulable (interface)
- identifier7 replaced with FitnessEntity (abstract class)

All attributes, operations, and relationships have been preserved according to the mapping while adapting the names to the fitness domain context.
verify_model_mapping_answer: #corrected model
```plantuml
@startuml
class FitnessClass {
    + className: String
    + maxCapacity: int
    + scheduleClass(): void
    + cancelClass(reason: String): boolean
    + getClassDetails(): String
}

class Instructor {
    + name: String
    + specialization: String
    + updateAvailability(): void
}

class ClassSession {
    + sessionTime: DateTime
    + duration: int
    + checkAvailability(): boolean
    + bookMember(memberId: int): String
}

class Member {
    + name: String
    + membershipId: int
    + isActive: boolean
    + joinClass(sessionId: int): boolean
}

class Payment {
    + transactionId: String
    + amount: float
    + processPayment(): boolean
}

interface Schedulable {
    + {abstract} schedule(): void
    + {abstract} cancel(): boolean
}

abstract class FitnessEntity {
    + {abstract} getId(): int
}

Schedulable <|.. FitnessClass
FitnessEntity <|-- FitnessClass
FitnessEntity <|-- Instructor
FitnessClass "1" *-- "many" ClassSession
Member "1" -- "many" ClassSession
ClassSession "1" -- "0..1" Payment
@enduml
```

#verification result
The original model had several issues that needed correction for better consistency with the fitness class scheduling domain:

1. Relationship Issues:
- Removed incorrect inheritance between FitnessClass and Member
- Changed composition relationship between FitnessClass and ClassSession to be more accurate (1-to-many)
- Added proper association between Member and ClassSession
- Made Payment association with ClassSession optional (0..1)

2. Missing Attributes/Operations:
- Added name to Instructor
- Added duration to ClassSession
- Added joinClass() to Member
- Added amount and processPayment() to Payment
- Made Schedulable interface properly abstract with method signatures
- Added getId() to FitnessEntity

3. Data Type Improvements:
- Changed sessionTime from String to DateTime for better temporal representation

4. Cardinality Fixes:
- Added proper multiplicity indicators to relationships

The corrected model now better represents a fitness class scheduling system with:
- Clear class responsibilities
- Proper relationships between entities
- Complete attributes and operations
- Appropriate abstract classes and interfaces
- Better data types for domain accuracy

The model maintains all the original concepts while making them more domain-appropriate and logically consistent.
extracted_model_mapping: ```plantuml
@startuml
class FitnessClass {
    + className: String
    + maxCapacity: int
    + scheduleClass(): void
    + cancelClass(reason: String): boolean
    + getClassDetails(): String
}

class Instructor {
    + name: String
    + specialization: String
    + updateAvailability(): void
}

class ClassSession {
    + sessionTime: DateTime
    + duration: int
    + checkAvailability(): boolean
    + bookMember(memberId: int): String
}

class Member {
    + name: String
    + membershipId: int
    + isActive: boolean
    + joinClass(sessionId: int): boolean
}

class Payment {
    + transactionId: String
    + amount: float
    + processPayment(): boolean
}

interface Schedulable {
    + {abstract} schedule(): void
    + {abstract} cancel(): boolean
}

abstract class FitnessEntity {
    + {abstract} getId(): int
}

Schedulable <|.. FitnessClass
FitnessEntity <|-- FitnessClass
FitnessEntity <|-- Instructor
FitnessClass "1" *-- "many" ClassSession
Member "1" -- "many" ClassSession
ClassSession "1" -- "0..1" Payment
gen_model_description_answer: #System description  
The fitness class scheduling system enables gym members to book and manage fitness classes, while instructors and administrators handle class scheduling and availability.  

Instructors provide their name and specialization, and can update their availability for teaching classes. A fitness class is defined by its name and maximum capacity, and can be scheduled or canceled by administrators. Each class consists of multiple sessions, which specify the session time and duration. Members can check session availability and book a spot if they have an active membership.  

Members provide their name and membership ID, and can join available class sessions. Upon booking, a payment transaction is generated, which includes the transaction ID and amount. The system processes the payment to confirm the booking.  

The system supports scheduling and cancellation of classes, tracks session availability, and manages member bookings and payments. Administrators can view class details and monitor attendance, while members receive confirmation of their bookings.  

#Domain model  
```plantuml  
@startuml  
class FitnessClass {  
    + className: String  
    + maxCapacity: int  
    + scheduleClass(): void  
    + cancelClass(reason: String): boolean  
    + getClassDetails(): String  
}  

class Instructor {  
    + name: String  
    + specialization: String  
    + updateAvailability(): void  
}  

class ClassSession {  
    + sessionTime: DateTime  
    + duration: int  
    + checkAvailability(): boolean  
    + bookMember(memberId: int): String  
}  

class Member {  
    + name: String  
    + membershipId: int  
    + isActive: boolean  
    + joinClass(sessionId: int): boolean  
}  

class Payment {  
    + transactionId: String  
    + amount: float  
    + processPayment(): boolean  
}  

interface Schedulable {  
    + {abstract} schedule(): void  
    + {abstract} cancel(): boolean  
}  

abstract class FitnessEntity {  
    + {abstract} getId(): int  
}  

Schedulable <|.. FitnessClass  
FitnessEntity <|-- FitnessClass  
FitnessEntity <|-- Instructor  
FitnessClass "1" *-- "many" ClassSession  
Member "1" -- "many" ClassSession  
ClassSession "1" -- "0..1" Payment  
@enduml  
```  

#Domain  
Fitness class scheduling system
verify_model_description_answer: # Verification of Generated Description Against Domain Model

After carefully analyzing the generated description and comparing it with the provided domain model, I can confirm that the description is largely consistent with the domain model, but there are a few minor discrepancies and areas that could be improved for better clarity and accuracy.

## Verification Process:

1. **Class Structure Verification**:
   - All classes (FitnessClass, Instructor, ClassSession, Member, Payment) are correctly represented
   - The relationships between classes match the domain model's associations

2. **Attributes and Methods Verification**:
   - All attributes from the domain model are mentioned in the description
   - Key methods (scheduleClass, cancelClass, updateAvailability, etc.) are properly described

3. **Relationships Verification**:
   - The 1-to-many relationship between FitnessClass and ClassSession is correct
   - The many-to-many relationship between Member and ClassSession is correct
   - The optional relationship between ClassSession and Payment is correct

4. **Inheritance and Interfaces**:
   - The description doesn't explicitly mention the Schedulable interface or FitnessEntity abstract class
   - The implementation of these abstractions in FitnessClass is implied but not stated

## Identified Issues:

1. The description mentions administrators can schedule/cancel classes, but the domain model shows these operations as methods of FitnessClass without specifying who performs them.

2. The description states "Each class consists of multiple sessions" which is correct, but doesn't mention that this is a composition relationship (indicated by the filled diamond in the diagram).

3. The abstract classes and interfaces (Schedulable, FitnessEntity) aren't mentioned in the description.

4. The description mentions "members receive confirmation of their bookings" which isn't explicitly represented in the domain model.

## Corrected Description:

```
The fitness class scheduling system enables gym members to book and manage fitness classes, while instructors manage their availability and administrators oversee operations.

Instructors (with name and specialization attributes) can update their availability for teaching classes. Fitness classes (with className and maxCapacity attributes) implement scheduling operations through the Schedulable interface and inherit from the FitnessEntity abstract class. Each fitness class is composed of multiple class sessions (with sessionTime and duration attributes).

Members (with name, membershipId, and isActive attributes) can join available class sessions if their membership is active. When booking a session, a payment (with transactionId and amount attributes) may be generated and processed to confirm the booking.

The system supports:
- Class scheduling and cancellation (through FitnessClass operations)
- Session availability checking and member booking (through ClassSession operations)
- Payment processing
- Instructor availability management
- Member class participation tracking

Class sessions maintain relationships with both their parent fitness class and participating members, with optional payment records for completed bookings.
```

## Key Improvements:

1. Added explicit mention of the Schedulable interface and FitnessEntity abstract class
2. Clarified the composition relationship between FitnessClass and ClassSession
3. Removed unspecified administrator actions and focused on modeled operations
4. Made the payment relationship clearer ("may be generated" instead of "is generated")
5. Organized the description to better reflect the domain model's structure

The corrected description now more accurately reflects all elements of the domain model while maintaining readability.
