gen_model_mapping_answer: Here's the domain model in JSON format for the software engineering domain, adhering strictly to the provided model skeleton:

```json
{
  "model": {
    "name": "uml-entities",
    "elements": [
      {
        "id": "identifier1",
        "type": "entity",
        "properties": [
          {
            "name": "property1",
            "type": "String",
            "visibility": "private",
            "description": "The name of the software component"
          },
          {
            "name": "property2",
            "type": "Version",
            "visibility": "private",
            "description": "Current version of the component"
          },
          {
            "name": "property3",
            "type": "boolean",
            "visibility": "private",
            "description": "Flag indicating if component is deprecated"
          }
        ],
        "operations": [
          {
            "name": "operation1",
            "returnType": "void",
            "visibility": "public",
            "description": "Deploys the component to production"
          },
          {
            "name": "operation2",
            "returnType": "Version",
            "visibility": "public",
            "description": "Increments and returns the component version"
          },
          {
            "name": "operation3",
            "returnType": "boolean",
            "visibility": "public",
            "description": "Validates component dependencies"
          }
        ]
      },
      {
        "id": "identifier2",
        "type": "entity",
        "properties": [
          {
            "name": "property4",
            "type": "List<Requirement>",
            "visibility": "private",
            "description": "Functional requirements for the component"
          }
        ],
        "operations": [
          {
            "name": "operation4",
            "returnType": "void",
            "visibility": "public",
            "description": "Generates technical documentation"
          },
          {
            "name": "operation5",
            "returnType": "TestReport",
            "visibility": "public",
            "parameters": [
              {
                "name": "parameter1",
                "type": "TestSuite",
                "description": "The test cases to execute"
              }
            ],
            "description": "Runs test suite and returns report"
          }
        ]
      },
      {
        "id": "identifier3",
        "type": "entity",
        "description": "Represents a software bug/issue"
      },
      {
        "id": "identifier4",
        "type": "entity",
        "properties": [
          {
            "name": "property5",
            "type": "List<Dependency>",
            "visibility": "private",
            "description": "External libraries the component depends on"
          }
        ]
      },
      {
        "id": "identifier5",
        "type": "entity",
        "description": "Abstract base class for all software artifacts"
      },
      {
        "id": "identifier6",
        "type": "entity",
        "description": "Represents executable software components"
      },
      {
        "id": "identifier7",
        "type": "entity",
        "description": "Represents documentation artifacts"
      },
      {
        "id": "identifier8",
        "type": "entity",
        "description": "Represents API documentation specifically"
      }
    ],
    "relations": [
      {
        "source": "identifier5",
        "target": "identifier6",
        "type": "generalization",
        "description": "Executable components inherit from software artifacts"
      },
      {
        "source": "identifier5",
        "target": "identifier7",
        "type": "generalization",
        "description": "Documentation inherits from software artifacts"
      },
      {
        "source": "identifier6",
        "target": "identifier1",
        "type": "generalization",
        "description": "Software components inherit from executable artifacts"
      },
      {
        "source": "identifier7",
        "target": "identifier8",
        "type": "generalization",
        "description": "API docs inherit from general documentation"
      },
      {
        "source": "identifier2",
        "target": "identifier1",
        "type": "generalization",
        "description": "Requirement specs inherit from software components"
      },
      {
        "source": "identifier1",
        "target": "identifier4",
        "type": "aggregation",
        "description": "Components can share dependencies with other components"
      },
      {
        "source": "identifier1",
        "target": "identifier3",
        "type": "composition",
        "description": "Components own their bug reports exclusively"
      }
    ]
  }
}
```

Key aspects of this domain model for software engineering:
1. The hierarchy represents different types of software artifacts with inheritance relationships
2. Software components have versioning, naming, and deprecation status
3. Requirement specifications contain functional requirements
4. Components can have dependencies (aggregation) and own bug reports (composition)
5. The model distinguishes between executable components and documentation artifacts
6. Operations cover typical software engineering activities like deployment, testing, and documentation generation

The model strictly follows the structure of the skeleton while providing meaningful software engineering concepts for each element.
replace_model_mapping_answer: Here's the PlantUML representation of the model with the identifiers replaced by their corresponding names from the generated mapping:

```plantuml
@startuml

class SoftwareComponent {
  - String property1
  - Version property2
  - boolean property3
  + void operation1()
  + Version operation2()
  + boolean operation3()
}

class RequirementSpecification {
  - List<Requirement> property4
  + void operation4()
  + TestReport operation5(TestSuite parameter1)
}

class BugIssue <<entity>> {
}

class DependencyContainer {
  - List<Dependency> property5
}

abstract class SoftwareArtifact {
}

class ExecutableComponent {
}

class DocumentationArtifact {
}

class APIDocumentation {
}

SoftwareArtifact <|-- ExecutableComponent
SoftwareArtifact <|-- DocumentationArtifact
ExecutableComponent <|-- SoftwareComponent
DocumentationArtifact <|-- APIDocumentation
RequirementSpecification <|-- SoftwareComponent
SoftwareComponent o-- DependencyContainer
SoftwareComponent *-- BugIssue

note top of SoftwareComponent: The name of the software component\nCurrent version of the component\nFlag indicating if component is deprecated
note top of RequirementSpecification: Functional requirements for the component
note top of BugIssue: Represents a software bug/issue
note top of DependencyContainer: External libraries the component depends on
note top of SoftwareArtifact: Abstract base class for all software artifacts
note top of ExecutableComponent: Represents executable software components
note top of DocumentationArtifact: Represents documentation artifacts
note top of APIDocumentation: Represents API documentation specifically

note on link: Executable components inherit from software artifacts
note on link: Documentation inherits from software artifacts
note on link: Software components inherit from executable artifacts
note on link: API docs inherit from general documentation
note on link: Requirement specs inherit from software components
note on link: Components can share dependencies with other components
note on link: Components own their bug reports exclusively

@enduml
```

Key replacements made:
- identifier1 → SoftwareComponent
- identifier2 → RequirementSpecification
- identifier3 → BugIssue
- identifier4 → DependencyContainer
- identifier5 → SoftwareArtifact
- identifier6 → ExecutableComponent
- identifier7 → DocumentationArtifact
- identifier8 → APIDocumentation

The PlantUML diagram maintains all the relationships (generalization, aggregation, composition) and includes all properties and operations from the original model, along with the descriptive notes from the generated mapping.
verify_model_mapping_answer: #verification result

The generated model is generally consistent with the software engineering domain, but there are several issues that should be corrected for better accuracy and logical consistency:

1. **Inheritance Issue**: `RequirementSpecification` inheriting from `SoftwareComponent` is conceptually incorrect. Requirements are specifications that components must satisfy, not a type of software component.

2. **Property Naming**: The generic property names (property1, property2, etc.) should be replaced with meaningful names.

3. **Operation Consistency**: Some operations lack parameters or return types that make sense in context.

4. **Association Clarity**: The composition relationship between `SoftwareComponent` and `BugIssue` might be too restrictive - bugs might need to exist independently of components.

Here's the corrected model:

#corrected model
```plantuml
@startuml

class SoftwareComponent {
  - String name
  - Version version
  - boolean isDeprecated
  + void deploy()
  + Version getVersion()
  + boolean isCompatible(Version otherVersion)
}

class RequirementSpecification {
  - List<Requirement> requirements
  + void addRequirement(Requirement newRequirement)
  + TestReport verifyImplementation(SoftwareComponent component)
}

class BugIssue <<entity>> {
  - Severity severity
  - Status status
}

class DependencyContainer {
  - List<Dependency> dependencies
  + void addDependency(Dependency newDependency)
}

abstract class SoftwareArtifact {
  - Date createdDate
  - String author
}

class ExecutableComponent {
  - String buildTarget
}

class DocumentationArtifact {
  - String format
}

class APIDocumentation {
  - String sdkVersion
}

SoftwareArtifact <|-- ExecutableComponent
SoftwareArtifact <|-- DocumentationArtifact
ExecutableComponent <|-- SoftwareComponent
DocumentationArtifact <|-- APIDocumentation
SoftwareComponent "1" -- "0..*" RequirementSpecification : satisfies
SoftwareComponent "1" -- "1" DependencyContainer : requires
SoftwareComponent "1" -- "0..*" BugIssue : reports

note top of SoftwareComponent: Represents a deployable software unit\nwith versioning and compatibility
note top of RequirementSpecification: Functional and non-functional requirements\nthat components must satisfy
note top of BugIssue: Tracks defects with severity and status
note top of DependencyContainer: Manages external library dependencies
note top of SoftwareArtifact: Abstract base for all software artifacts
note top of ExecutableComponent: Concrete executable software elements
note top of DocumentationArtifact: Base for all documentation types
note top of APIDocumentation: Specialized API documentation

note on link: General software artifact hierarchy
note on link: Components implement requirement specs
note on link: Components report bugs but don't own them
note on link: Components declare their dependencies

@enduml
```

Key improvements made:
1. Fixed the inheritance relationship between RequirementSpecification and SoftwareComponent
2. Added meaningful property and method names
3. Made the BugIssue association more flexible (many-to-many)
4. Added important attributes to base classes
5. Clarified relationships with multiplicity indicators
6. Improved notes to better explain the concepts
7. Added more domain-relevant operations
8. Maintained all original concepts while making them more precise

The corrected model better represents standard software engineering concepts while maintaining the original intent of the diagram.
extracted_model_mapping: :

#corrected model
```plantuml
@startuml

class SoftwareComponent {
  - String name
  - Version version
  - boolean isDeprecated
  + void deploy()
  + Version getVersion()
  + boolean isCompatible(Version otherVersion)
}

class RequirementSpecification {
  - List<Requirement> requirements
  + void addRequirement(Requirement newRequirement)
  + TestReport verifyImplementation(SoftwareComponent component)
}

class BugIssue <<entity>> {
  - Severity severity
  - Status status
}

class DependencyContainer {
  - List<Dependency> dependencies
  + void addDependency(Dependency newDependency)
}

abstract class SoftwareArtifact {
  - Date createdDate
  - String author
}

class ExecutableComponent {
  - String buildTarget
}

class DocumentationArtifact {
  - String format
}

class APIDocumentation {
  - String sdkVersion
}

SoftwareArtifact <|-- ExecutableComponent
SoftwareArtifact <|-- DocumentationArtifact
ExecutableComponent <|-- SoftwareComponent
DocumentationArtifact <|-- APIDocumentation
SoftwareComponent "1" -- "0..*" RequirementSpecification : satisfies
SoftwareComponent "1" -- "1" DependencyContainer : requires
SoftwareComponent "1" -- "0..*" BugIssue : reports

note top of SoftwareComponent: Represents a deployable software unit\nwith versioning and compatibility
note top of RequirementSpecification: Functional and non-functional requirements\nthat components must satisfy
note top of BugIssue: Tracks defects with severity and status
note top of DependencyContainer: Manages external library dependencies
note top of SoftwareArtifact: Abstract base for all software artifacts
note top of ExecutableComponent: Concrete executable software elements
note top of DocumentationArtifact: Base for all documentation types
note top of APIDocumentation: Specialized API documentation

note on link: General software artifact hierarchy
note on link: Components implement requirement specs
note on link: Components report bugs but don't own them
note on link: Components declare their dependencies
gen_model_description_answer: # System Description  
The software engineering system manages software components, their dependencies, and associated artifacts. The system enables tracking of software components with version control, compatibility checks, and deployment capabilities. Each component must satisfy specific requirements defined in requirement specifications and may report bug issues with severity and status tracking.  

Components depend on external libraries managed through dependency containers. The system distinguishes between executable components (deployable software units) and documentation artifacts (including specialized API documentation). Software artifacts serve as the base class for all concrete elements, with creation dates and authorship tracking.  

Requirement specifications verify whether components meet functional and non-functional criteria through test reports. Bugs are tracked separately as entities with severity levels and resolution statuses. The hierarchy organizes artifacts into executable components (e.g., deployable modules) and documentation types (e.g., API guides tied to SDK versions).  

Key relationships include:  
- Components satisfy requirement specifications.  
- Components require dependencies from containers.  
- Components report bugs without ownership.  
- Executable and documentation artifacts inherit from the base SoftwareArtifact class.  

The system supports software development lifecycle tasks such as version management, dependency resolution, and quality assurance through requirement validation and bug tracking.  

# Domain Model  
```plantuml  
@startuml  

class SoftwareComponent {  
  - String name  
  - Version version  
  - boolean isDeprecated  
  + void deploy()  
  + Version getVersion()  
  + boolean isCompatible(Version otherVersion)  
}  

class RequirementSpecification {  
  - List<Requirement> requirements  
  + void addRequirement(Requirement newRequirement)  
  + TestReport verifyImplementation(SoftwareComponent component)  
}  

class BugIssue <<entity>> {  
  - Severity severity  
  - Status status  
}  

class DependencyContainer {  
  - List<Dependency> dependencies  
  + void addDependency(Dependency newDependency)  
}  

abstract class SoftwareArtifact {  
  - Date createdDate  
  - String author  
}  

class ExecutableComponent {  
  - String buildTarget  
}  

class DocumentationArtifact {  
  - String format  
}  

class APIDocumentation {  
  - String sdkVersion  
}  

SoftwareArtifact <|-- ExecutableComponent  
SoftwareArtifact <|-- DocumentationArtifact  
ExecutableComponent <|-- SoftwareComponent  
DocumentationArtifact <|-- APIDocumentation  
SoftwareComponent "1" -- "0..*" RequirementSpecification : satisfies  
SoftwareComponent "1" -- "1" DependencyContainer : requires  
SoftwareComponent "1" -- "0..*" BugIssue : reports  

note top of SoftwareComponent: Represents a deployable software unit\nwith versioning and compatibility  
note top of RequirementSpecification: Functional and non-functional requirements\nthat components must satisfy  
note top of BugIssue: Tracks defects with severity and status  
note top of DependencyContainer: Manages external library dependencies  
note top of SoftwareArtifact: Abstract base for all software artifacts  
note top of ExecutableComponent: Concrete executable software elements  
note top of DocumentationArtifact: Base for all documentation types  
note top of APIDocumentation: Specialized API documentation  

note on link: General software artifact hierarchy  
note on link: Components implement requirement specs  
note on link: Components report bugs but don't own them  
note on link: Components declare their dependencies  
@enduml  
```  

# Domain  
Software engineering
verify_model_description_answer: Let me analyze the consistency between the generated description and the domain model, and identify any unreasonable parts.

Verification Process:

1. Class Hierarchy Check:
- Confirmed SoftwareArtifact is correctly shown as abstract base class
- Verified ExecutableComponent and DocumentationArtifact inherit from SoftwareArtifact
- Confirmed SoftwareComponent inherits from ExecutableComponent (correct)
- Verified APIDocumentation inherits from DocumentationArtifact (correct)

2. Relationship Validation:
- SoftwareComponent to RequirementSpecification (1-to-many "satisfies") - correct
- SoftwareComponent to DependencyContainer (1-to-1 "requires") - correct
- SoftwareComponent to BugIssue (1-to-many "reports") - correct

3. Attribute Verification:
- All class attributes in description match domain model
- Methods and properties are correctly represented

4. Description Accuracy:
- The hierarchy description matches the UML
- Relationship descriptions are accurate
- The distinction between executable and documentation artifacts is correct

Inconsistencies Found:

1. The description states "Components report bugs without ownership" but the model shows a "reports" relationship without ownership implications - this is actually correct.

2. The description mentions "deployment capabilities" which is accurate based on the SoftwareComponent's deploy() method.

3. The description mentions "version control" which aligns with the Version attribute and getVersion() method.

4. The description correctly describes the artifact hierarchy and specialization.

Corrections Needed:

1. The description mentions "components must satisfy specific requirements defined in requirement specifications" - this should be clarified to show it's a one-to-many relationship where one component can satisfy multiple requirement specifications.

2. The description mentions "compatibility checks" which is correct based on isCompatible() method but could be more explicitly tied to the method.

3. The description could better emphasize that SoftwareComponent is a specific type of ExecutableComponent.

Final Modified Description:

The software engineering system manages software components, their dependencies, and associated artifacts. The system enables tracking of software components with version control (via Version attribute and getVersion() method), compatibility checks (through isCompatible() method), and deployment capabilities (via deploy() method). Each component may satisfy multiple requirement specifications (1-to-many relationship) that define functional and non-functional criteria verified through test reports.

Components depend on external libraries managed through dependency containers (1-to-1 relationship). The system tracks bug issues (1-to-many "reports" relationship) with severity and status attributes. 

The artifact hierarchy distinguishes between:
- Executable artifacts, with SoftwareComponent being a specific deployable type that inherits from ExecutableComponent
- Documentation artifacts, including specialized API documentation (APIDocumentation) that inherits from DocumentationArtifact
All concrete artifacts inherit from the abstract SoftwareArtifact base class which tracks creation dates and authorship.

Key relationships include:
- A SoftwareComponent may satisfy multiple RequirementSpecifications
- Each SoftwareComponent requires exactly one DependencyContainer
- SoftwareComponents may report multiple BugIssues
- Clear inheritance hierarchy from SoftwareArtifact to concrete types

The system supports software development lifecycle tasks including:
- Version management (via SoftwareComponent's version attributes)
- Dependency resolution (through DependencyContainer)
- Quality assurance (via RequirementSpecification validation and BugIssue tracking)

The description now more precisely matches all elements and relationships shown in the domain model while maintaining readability. All class attributes, methods, and relationships are accurately represented.
